polarity,review
9,This place really really sucks ! <s>
9,I am so sorry i have signed up for them . <s>
9,They dispatched the police department 45 minutes
9,after an alarm went off
9,even though the alarm code was used
9,to deactivate the alarm
9,just because they were not able to reach anyone . 45 minutes later ? <s>
9,Really ?????? <s>
9,"And in the city of phoenix , that costs $ 99 . <s>"
9,They refuse to take any responsibility whatsoever . <s>
9,They were suppose to send me a faub key
9,which malfunctioned sending a panic alarm to my phone but not to their location . <s>
9,It arrived
9,"late , it was sent back"
9,and now they are claiming
9,they never received it . <s>
9,I have filed several complaints with the bbb
9,but seems they pay them good money
9,so the bbb ends out
9,closing the cases
9,and takes the side of the company
9,in doing so . <s>
9,This company sucks ! <s>
9,Stay away from them !!! <s>
9,I would give zero stars
0,but i am not sure
0,it would post . <s>
9,"If you like freezing cold food with warm ice tea ,"
0,you have
0,found it ! <s>
9,"Horrible service , we were greeted with a bowl of broken store"
9,"bought chips and weak salsa ,"
0,that was the high point ! <s>
9,"The waiter forgot to enter our order ,"
0,when the food finally came
9,it was ice cold . <s>
9,"The manager picked up the tab , i prefer to have a good meal and pay . <s>"
9,This was torture . <s>
9,The staff is clueless . <s>
0,Sam fox has jumped the shark . <s>
9,Filthy restaurant . <s>
9,Tables greasy ; napkin holder was coated w food and grease . <s>
9,Afraid
0,that
0,if the surroundings are
9,"so unclean ,"
9,"what is the silverware ,"
9,"produce ,"
9,soda machine & ice dispenser like ? <s>
9,Will i be sick in a few days to a week from an innocent lunch here ? <s>
9,"Pizza is fabulous , but worth the risk ? <s>"
9,I do n't think so . <s>
0,Will go back in in 1week
0,to see
0,if the owner i spoke to has his staff better trained . <s>
0,"Time to lean , time"
0,to clean ...
9,there was plenty of time . <s>
9,"I really hate to do this ,"
0,"because i have been a fan of the merc bar for years ,"
0,but its a must . <s>
0,My fiance & i were looking for a place
0,to entertain our wedding party the weekend before our wedding
0,and it was clear to us
1,that the merc bar would be the perfect place . <s>
1,We love the atmpsphere . <s>
1,It usually has a nice & mature crowd . <s>
1,The service is usually good . <s>
1,It was perfect . <s>
9,"Unfortunately , it was the management and not the lounge"
9,that ruined our perspective of the venue . <s>
9,The manager ( tommy ) was slow/nearly impossible to reach and even harder to get info out of ...
0,i.e. whats your process for group reservations . <s>
9,He seemed annoyed
9,that i conntact him and unwilling to make time for us . <s>
9,"After several incomplete emails he finally called me , at my request ,"
0,"but it became clear , after 5 mins on the phone ,"
9,that he did not want our business . <s>
0,It was also apparent
9,that he lacked basic customer service skills . <s>
0,"Since , the goal of the evening is relax & enjoy our time with our friends ,"
9,"not to worry about bad service ,"
0,we took our covo with tommy as a hint
9,that the merc bar would not be a good fit . <s>
9,We need a place with a more mature management staff ...
0,"so , we 're going with the montelucia . <s>"
1,"Its a nice upscale resort , with an awesome spa , a very nice lounge & live music on saturday night , a great pool & nice rooms . <s>"
1,Truly perfect . <s>
1,"Well , we were craving chinese food , and i"
0,"asked "" tried and true or something new ? <s>"
0," We decided on something new ,
0	first thought was ,
9	 geez , this place is expensive for the size and condition of the restaurant . <s>"
0," Second thought was  well the foods not great , not good , but not bad . <s>"
0," This would have been a two star rating . <s>
9	However , two different chicken dishes had rotten chicken in them . <s>
9	If you 've ever smelled or accidentally tasted rotten chicken ,
9	you know
9	it 's not something
9	you ever forget ,
9	or want to repeat . <s>
9	Zero stars
9	if it were possible . <s>
0	Do yourself a favor . <s>
0	Go to mike kwan 's golden coin . <s>
9	It 's a shit hole ,
9	and you get no variety ,
1	but the food is fresh and hot . <s>

0 0301962
9	Disappointing . <s>
9	Had a so9called philly cheese steak . <s>
0	I think
0	it 's the first one
0	that 's ever been made . <s>
0	Had to explain how to make it . <s>
9	Tasted strange . <s>
0	I believe
0	i asked for onions and green peppers
9	and i 'll be darn
9	if i could find them . <s>
9	The mustard had a strange taste to it also . <s>
9	The place was also unbearably hot inside . <s>
0	I guess
9	they 're saving on air9conditioning . <s>
9	Do n't plan on going back . <s>

0 0302223
0	I visited
0	last night w / my family
9	and will not ever return nor make a positive recomendation . <s>
9	The hostess was exceptionally rude
0	commenting on our attire ,
0	 have you seen the ones"
0,that just walked in ? <s>
0," Even though were dressed similarly to other patrons . <s>
9	The food was below average and the prices high . <s>
0	I had the shrimp scampi
0	and left
9	it unfinished
0	as it tasted
9	like it was cooked in bathroom cleaner . <s>
9	There are certainly other seafood places with better quality service and food for less expensive , definitley not worth the $ $ $ . <s>
1	Our table server was pleasant and professional , much more
9	than i can say for the hostess . <s>
9	Do not waste your time or $ $ $ there . <s>

0 0302596
9	Customer service hahaha ... what customer service . <s>
9	They are very very rude like they are
0	doing you a favor . <s>
9	Unknowledgeable is the word for that staff . <s>
9	Never again will i or anyone
0	i know go to nationwide vision again !!!! <s>
9	Worst time ever
9	and arguing with customers in front of other customers as well . <s>
9	Do you guys just hire anyone off the streets ??!! <s>
9	Do not i repeat do not go to this company !!! <s>
9	A fair warning has
9	been issued to all . <s>

0 0302781
9	The chuckbox is severely overrated . <s>
0	On the strength of its reputation , it was one of the first places
0	i tried
0	when i moved to tempe . <s>
0	Over the years i 've stopped by now and then to see
0	if it had gotten any better . <s>
9	Nope , still the same boring burgers . <s>
9	Char9broiling a burger over an open flame just does n't do it for me . <s>
9	It always results in a dry , bland burger . <s>
9	Mesquite or no ,
9	it does n't really make much difference
9	when you 're quickly broiling the burger . <s>
9	And it does n't help much
9	to pile on a bunch of junk from the condiment/topping bar
0	99
9	it just makes the thing a big mess . <s>
9	I 'd much rather have a burger
0	cooked on a flat griddle9surface
9	like they do it at delux
0	and welcome diner . <s>
0	And
9	when the kitchen applies the toppings for you ,
9	it results in a better melding of flavors with the rest of the burger . <s>

0 0303174
0	Well ,
0	what can i say ...
9	this place sure has gone downhill . <s>
0	I ate here in the past
1	and it was good . <s>
9	But not tonight ! <s>
0	Ordered chips/salsa , chimichanga , ...
9	all was bland
9	and no flavor . <s>
0	Friend ordered :
9	pollo enchalada w / beans and rice ... same story bland and old bean and rice . <s>
0	Only thing
0	i had
1	that was good
0	was the corona . <s>
0	Lol i had to look around again
0	to make sure
0	i was in a mexican joint . <s>
9	I will def not be back . <s>
0	Over
0	priced too . <s>
9	I suggest u go anywhere else but here . <s>

0 0303599
9	I am rating this restaurant with 1 star ,
9	but it deserves none . <s>
9	Everything
9	we ordered was bland . <s>
9	The wings had very little sauce ,
9	the ranch was watery and tasteless . <s>
9	The chicken was unseasoned and previously frozen . <s>
9	The pizza was equivalent to chuck9e9cheese in taste and quality . <s>
9	The calzone and pizza dough had obviously been previously frozen . <s>
9	The calzone and pizza crust were dry , as an actual native new yorker ,
9	my fellow new yorkers would be as disgusted with the food as my wife
9	and i were . <s>
0	We did not send anything back for its poor quality . <s>
0	We did n't see the point . <s>
0	We were hungry
0	and did not want to wait for anything else , especially
0	since other items must be of similar low quality . <s>
0	We ate
0	what we could ,
0	paid ,
0	and left . <s>
9	The bathrooms smelled horrible . <s>
9	The service was mediocre . <s>
9	All in all , a very disappointing experience . <s>
9	We will not be going back again . <s>

0 0303678
9	This culver 's has the worse service of any fast food place
9	that i have ever visited . <s>
0	Went last saturday
9	and sat behind one car in the drive thru . <s>
9	Sat for five minutes with the car in front of me being ignored . <s>
9	My passenger actually called
9	culver 's to try to get helped of course
9	hung up . <s>
9	Finally took order
9	and when i paid rather than apologize for the wait clerk
9	is laughing about it . <s>
9	They make
9	you pull up and than
9	when it backs up
9	the honking begins . <s>
9	Food would have to perfect to make up for the sorry service
9	and it is not even close . <s>
9	If you want to be laughed at for expecting even minimal service
9	this is the place for you . <s>

0 0303696
1	We walked into a nice atmosphere . <s>
1	The hostess was nice ,
1	and our waitress was great . <s>
9	The food was not good , and not worth the money
0	they are charging . <s>
9	The appetizers made no sense with the offerings on each plate . <s>
0	We have eaten at some of the best restaurants on the east coast , california , and new orleans ( commander 's palace for example ) . <s>
9	Cork 's offerings are way over9priced . <s>
9	The duck was so salty i could n't eat it ,
0	and they took the entree off the bill . <s>
9	My wife also complained about her entree
9	being too salty ,
9	but they did not take her plate off the bill . <s>
9	Sex discrimination ? <s>
0	Maybe . <s>
0	One thing is for sure . <s>
9	We wo n't be going back ,
9	and we wo n't be referring any friends here . <s>

0 0303811
0	I have
0	been shopping here
0	since moving to tempe a year ago
0	and have never had any problems until now . <s>
9	I was diagnosed with food poisoning from organic melons
0	grown in mexico
0	that i had bought at whole foods . <s>
0	I called the store manager steve just now to let him know
0	what had happened . <s>
0	All is said
0	was that the flu had been going around . <s>
0	Amazing
9	that he would not even acknowledge what i was telling him . <s>
9	The biggest disappointment is
9	that he did not even ask how i was doing or zip ! <s>
9	I could not believe it , so rude . <s>
9	I will never step foot in that store again . <s>
0	I hope
9	that steve is not an example
9	of what whole foods corp management is made of . <s>
9	Very sad indeed <s>

0 0303864
0	We decided to head over to friends
0	after seeing a band at the rhythm room . <s>
0	We were shocked to find out it is now  club echelon """
0,"and if you are white ,"
9,you are not allowed in . <s>
0,We called a cab
9,and waited . <s>
9,"While we waited ,"
9,we witnessed
9,each club echelon patron getting
9,packed down to see
9,if they carried weapons . <s>
9,We did not feel safe at all . <s>
9,I will never return to this bar . <s>
9,Should be renamed to unfriends . <s>
9,In my entire life i 've never
9,been told i 'm not welcome because of the color of my skin . <s>
9,Goodbye friends . <s>
9,So sad . <s>
9,This is honestly the worst starbucks experience
9,that i 've ever encountered . <s>
0,That
0,"being said ,"
1,i go here almost everyday
1,because it 's right
1,by where i live . <s>
9,"Although , i 'm"
9,starting to go up to the happy valley location more now . <s>
9,"For some reason , this starbucks drive thru is frighteningly slow . <s>"
9,Almost upsetting slow . <s>
9,I have tried
9,to figure it out
9,but i ca n't . <s>
9,A couple times last week
9,whoever takes the orders was trying to be funny
9,and would n't just take my order
9,and it was terribly unprofessional and annoying . <s>
9,Every time
9,i get
9,my coffee drink i swear i
9,wo n't be back ...
0,but i do . <s>
9,They really need to up their customer service
9,and speed it up a bit . <s>
1,It 's a prime location
9,if they can pull it together . <s>
0,The positive reviews are way off the mark . <s>
0,"My guess is though ,"
0,"that like most patrons of this place , they 've never experienced vietnamese food before , or at least quality vietnamese food . <s>"
0,If you 've
0,"lived in a city with a sizable vietnamese population , like say , san francisco , la , washington , dc , seattle , etc ,"
0,you would know
9,this place is absolutely the bottom
9,rung for vietnamese food . <s>
1,The atmosphere is nice
0,and i had extremely high hopes . <s>
0,One thing
0,"that struck me as odd ,"
0,"and probably a sign of things to come , was the almost complete lack of any vietnamese people"
0,there !! <s>
0,Servers or diners alike ! <s>
0,I got the feeling
0,most people
0,eating here
0,do n't know the difference between bun bo hue and bo luc lac . <s>
0,Nothing wrong with that ...
0,you just have no idea
0,what you 're missing . <s>
9,"Besides that , the service was awful . <s>"
9,This is a huge disappointment . <s>
0,Now vietnamese restaurants are n't known for their service
9,but this place was amazingly bad . <s>
9,Our server never once asked us
9,"if we wanted refills ,"
9,and it took nearly a half an hour
9,to get our pho . <s>
0,"For those not in the know ,"
0,pho is extremely easy to make
0,once you have the broth . <s>
0,It should only take 10 minutes or so
0,"to have this ready , tops . <s>"
0,If you think
0,i 'm off
0,"my rocker do yourself a favor and visit one of these : khai hoan ( the best ) , da"
0,"vang ( really good ) ,"
0,"and cyclo ( kind of over rated ,"
9,but this place puts dragonfly to shame ) . <s>
9,This michael 's sucks ! <s>
0,We were there friday night
0,to get a few craft items for the baby 's room . <s>
0,I also needed some items
0,to make my baby shower favors with . <s>
0,It was pretty busy
0,when we got there . <s>
9,But was there a team member around to answer questions ? <s>
9,Nope ! 2 workers were in the store ...
9,total ... from what we saw . <s>
9,After trying to figure and locate eveything on our own ... with no luck . <s>
9,J and i dropped all the items
0,we had
9,and left . <s>
9,We should have just made the drive to joann 's in scottsdale . <s>
0,I went this location a few minutes ago on union hills drive . <s>
0,"The signature service was about $ 50 for my v8 jeep grand cherokee ,"
9,which seemed high . <s>
0,"Luckily , i had a $ 5 off coupon on my phone . <s>"
0,I was surprised to learn
9,that
9,"if i did n't have that coupon on my phone ( or printed ) ,"
9,they would not honor the $ 5 off . <s>
9,"Thus , you need"
9,to be sure
9,and have the coupon printed or available on your phone . <s>
9,"Worst of all , they tried to charge me $ 3.90 extra for "" topping off my coolant . <s>"
0,"
0	When i asked about this ,
9	the guy quickly walked over to the car ,
9	checked , and then instantly explained  it 's full ,"
9,i 'll take that off . <s>
9," In other words , they tried to tack on an extra $ 3.90 for nothing . <s>
9	I bet a lot of people fall for that trick . <s>
0	I 'm glad
0	i did not . <s>
9	Be careful . <s>
9	I wo n't return to this location . <s>

0 0304345
0	This is first time
0	i try to use their service . <s>
0	Base on the review , i think
1	they should be good . <s>
0	We call for service for my water heater . <s>
9	They are way overcharged . <s>
9	I frankly told them
9	that i have to compare the service . <s>
9	They charged me 60.00
9	knowing
9	they will not get the job . <s>
9	Pretty sneaky company . 60 dollars just to tell me how much it cost me to get the installation done . <s>
9	Pretty easy money , huh ?! <s>
9	I bet
9	they do n't make business
9	by doing good job
9	but piling up the profit
9	by going out to make 60.00 for half hour . <s>
9	Take my advise ,
9	avoid them . <s>
1	I found a good plumber
1	after all and i believe
1	you will . <s>

1 0304396
0	I 've been here a couple of times now . <s>
0	I know
0	this is a chain hair
0	cutting joint
0	but thought i 'd review it anyways . <s>
0	Fantastic sams opened in this location a few months ago . <s>
0	This store is located
0	where the old shipping and mail store was . <s>
1	The inside is new and clean in appearance . <s>
1	While the employees have been pleasant and nice ,
0	the results of each visit are a mixed bag . <s>
0	On our last visit
9	the hair cutter gal really did a number on my kids hair
9	and it was n't a good number . <s>
9	I did n't realize right away
0	as my kid was bouncy and happy
0	and the hair was still wet and kind of combed or parted or something . <s>
9	But the next day i knew i 'd subjected my kid to a bad haircut
9	and was kinda ticked
0	that i left a tip . <s>
0	The last person
0	that cut my hair
1	was friendly
9	but kept nitpicking what should have been an extremely simple haircut of a buzz all the way around . <s>
9	It was kind of awkward really . <s>
9	My significant other
9	had her eyebrows slightly
9	butchered here on one occasion
1	but left happily with a great haircut on a different occasion . <s>
0	I think
9	i prefer a regular barber for myself and supercuts for a chain9type place . <s>
0	I guess
0	it does n't really matter as it 's
0	all in who 's cutting the hair
0	and i think
0	stylists tend to come and go from joints
9	like this so good and bad can be gone the next day forever
9	and i 'd never really know . <s>
0	I suppose
1	a bonus is
1	that it is located right next to a nail salon
1	so the ladies might enjoy doing something to their hair and then going next door
1	to get a foot massage or pedicure or something . <s>

1 0304594
9	This place is not that great . <s>
9	Shogun express has way better chicken teriyaki rice bowls and beyond . <s>
9	The chicken is what really bothered me here . <s>
9	It was really tough and extremely chewy . <s>
0	And that was the white meat . <s>
0	They 're bowls are around 5 bucks
1	which i like ,
9	but they 're not even filled to the top . <s>
0	All in all i came here
0	because shogun was closed
0	and there are n't any other rice bowl places in scottsdale
0	that i know of . <s>
0	Eh . <s>

1 0304636
9	Expensive for the lack of amenities . <s>
0	Parking was $ 28 and daily wifi was $ 10 . <s>
9	The room was small with a very tiny bathroom . <s>
9	When we questioned the high parking rate the attendant laughed at us . <s>
9	During the hot summer months we could have stayed at a nearby 5 star resort for less money . <s>
9	Even motel 6 has free wifi ! <s>
9	My opinion they should drop the regency from their name . <s>
9	There was no sign of regency here . <s>

1 0304868
1	I still like to shop here
1	since it is my closest big lots ,
9	but i have to dock them two stars due to customer service failures upon repeat visits . <s>
9	One issue is
9	that they appear reluctant to open up an additional cash register even
9	when lines grow seven customers deep . <s>
0	And i should mention
9	that this is
9	when other employees , in plain sight , occupy themselves with staring vacantly at invoices
9	as if to not be recruited
9	to help out . <s>
0	I tend to be pretty patient with slow check9outs ,
9	but it was a slow enough trudge
9	to drive my fellow shopper to irritation . <s>
0	While i took our cheap loot out to the car ,
9	he stayed behind to speak with a manager . <s>
9	We have also driven several miles to another big lots
9	because the wait
9	for getting help with buying furniture here was unacceptably long . <s>
9	I realize the one guy on staff
9	who brings furniture to the front sometimes get overwhelmed ,
9	but in this case , we had to vote with our feet . <s>
9	We already burned over half an hour here
9	trying to get anyone 's attention . <s>
9	This store should be cautioned to pick up their game . <s>
1	The big lots in at gilbert road and guadalupe ( in gilbert ) is much quicker and a better shopping experience . <s>

1 0304873
0	Let me start out
0	by saying
0	that had i written this review 2 years ago
1	it would have been at least 4 stars . <s>
9	At this point 2 is
9	all i can bring myself to give . <s>
0	Cork used
0	to have a sunday brunch
1	that was amazing
1	and priced very well . <s>
1	They also had bottomless mimosas . <s>
9	They stopped doing brunch
9	and from there the dinner service seemed to loose its luster as well . <s>
0	The food is sold
0	as being tapas or tasters
9	but the price does not reflect this . <s>
9	The service is so9so
9	and actual food is hit
9	or miss . <s>
0	Add to all of that 9
9	the hours keep changing . <s>
9	They are sometimes closed for the summer or not open certain days . <s>
9	We wo n't be back mostly because there are so many other places
9	we can get an amazing dinner but for half the cost . <s>

1 0304906
1	So the food was okay
9	nothing was great . <s>
9	Here were my biggest problems , 1st
9	the plates are to big ,
9	meaning i ordered the filet and broccoli . <s>
9	The steak is small
9	being a filet and the mashed potato
9	that was supposed to come with it was smaller than the steak . <s>
9	The plate was big
9	and the portion was not ,
9	so visually it was disappointing . <s>
9	Second issue was the dessert ,
0	we ordered two the first was the brownie
1	and that was great
0	the second was the white chocolate raspberry cheesecake . <s>
0	Here it is ,
9	that cheesecake is not a raspberry cheesecake . <s>
9	It is a regular cheesecake with white chocolate shavings and raspberry sauce . <s>
9	That was not what i was expecting . <s>

1 0305054
9	No free soda refills . <s>
0	Tried the golden nests per the review below . <s>
1	They were good ,
0	but the shell
9	itself is very dry and deep
9	fried and required a lot of additional sauce . <s>
0	I do n't think
9	i 'd get them again . <s>
9	The was a little slower than expected , but its a pretty small place . <s>
1	The pad thai was a large portion and the ingredients definitely tasted fresh
9	but i was not impressed . <s>
9	Tasted a little bland . <s>
9	The mosomon ( ap ) curry was also subpar . <s>
0	My husband said thai elephant 's curry better . <s>
9	They do n't accept amex
1	but they were friendly
1	and do have the good mints though ... <s>

1 0305141
1	I felt like pizza
0	so this was closest stop . <s>
0	Have n't been here in a really long time so
0	decided to give it a whirl . <s>
1	The board outside said 2 slices and a coke for 4.50 . <s>
1	Sign said seat yourself . <s>
0	Ordered a water to drink , was a toss up between a sandwich
0	or pizza/wings . <s>
0	Decided to go with special . <s>
0	Server comes over
0	i ordered
0	she said
9	the special is actually 4.95 not 4.50 , well then change it . <s>
0	Anyways not a big deal ,
0	she did n't ask
0	if i wanted a coke i 'm assuming
0	because she seen my water . <s>
0	Food came out
1	and it looked good . <s>
9	I was disappointed
9	that the crust was too doughy
9	and may have ruined the extra cheese experience . <s>
9	Meh ... not rushing back . . <s>

1 0305190
1	A fairly well realized monument to unabashed corporate card excess ,
1	fleming 's dutifully enables the expense account crowd . <s>
9	Food and service are sporadic and a poor value for anyone silly enough
9	to be spending their own money here . <s>
1	My wife 's tuna steak looked pretty ,
9	but was tough and fibrous . <s>
1	Salmon was satisfactory ,
9	but i can make better at home . <s>
1	Underlings fully invested in steak grunted unanimous satisfaction at the appropriate times . <s>
1	A hostess and bartender were both pleasant , charming even ,
9	however table service can be embarrassingly gushy ( another reviewer mentioned ass9kissing ) . <s>
0	This is the kind of place
9	where bringing a pile of onion rings or a lettuce wedge to the table takes three chattering sycophants . <s>
9	We endured a flowery speech and unsolicited updates on lava cake ,
9	until it finally arrived half an hour
0	after entrees were cleared . <s>
9	Hardly worth a wait . <s>
9	The whole meal took forever ,
9	which in an attractive , upscale room is often confused with fine dining . <s>
1	Paul fleming is a respected restauranteur ,
1	and rightly so
1	based on my visits to his other kitchens . <s>
9	But i am not that confused . <s>

1 0305714
0	Groupon now brought us in at 7:38 . <s>
0	While it was before the 8 pm deadline ,
0	groupon now had ended . <s>
0	Instead of walking out ,
0	the owner said
0	he would still give us the deal . <s>
9	Did n't happen . <s>
0	I realize
0	that is a groupon now problem but
0	knowing that is what brought us
0	in you would think
0	they would make something happen . <s>
0	Their menu and prices are higher in store then their own website . <s>
9	Good bait and switch . <s>
9	Dingy inside ... lightbulbs out everywhere
9	including right over booths , extension cords
0	used to light signs . <s>
9	Multiple flavors on fountain out . <s>
1	Positive note ; salad and pizza were great
0	except our particular pizza advertised fresh basil
0	for which it did n't have . <s>
9	The bait and switch , alone , with higher in9store prices then their own website leaves a bad taste however
9	and is enough for me not to go back . <s>
9	It 's just a cheap money grab . <s>

1 0305968
9	I must 've gone on bizarro night . <s>
0	The blonde hostess
9	others seem to fear and loathe
1	was very nice and pleasant . <s>
1	The food looked delicious ,
1	and came out quickly ,
9	but was way too salty . <s>
9	Bordering on inedible . <s>
1	I was excited for the cheese/prosciutto appetizer ,
9	but could n't finish it . <s>
9	The pizza was equally salty ,
9	and to make matters worse 9
9	the center was soggy
9	and the outside was blackened . <s>
9	Did n't finish that either . <s>
9	Maybe i went on an off night ? <s>
9	Bottom line : definitely does n't live up to the hype . <s>
9	Oh 9 and as for the wait ...
9	it was about 90minutes ,
9	which was expected ( monday at 5:30 pm ) . <s>

1 0306241
0	I come here
0	to do research
1	because the wireless is pretty fast ,
9	but i am pissed
9	that there policy is to filter whatever the hell
9	they want . <s>
0	The food is just ok . <s>
0	The soup is average
1	and the salads are pretty good
0	once i modify there regular ones . <s>
9	I do n't like their sandwiches at all . <s>
1	Really , i only come here for the ice tea . <s>
1	I like free wireless and i like ice tea . <s>
9	They need more booths with outlets ,
9	and they need to turn the ac down ! <s>
9	It 's freezing in there ! <s>

1 0306470
9	Im reluctantly giving the vig uptown 2 stars
9	because they really pissed me off . <s>
9	I give them 2
1	because they actually have good food ...
1	at least the macaroni and cheese was good . <s>
0	Dont know about anything else . ,
9	but their ethics
9	beyond sucked ! <s>
0	Jan. 20th , we made reservations for 20 for my 40th birthday dinner . <s>
0	We made them 1 week ahead of time ,
9	to show up with nothing
9	saved for us ...
9	made us wait an hour ...
9	then finally gave us a seat in the back corner with no tables ! <s>
9	We had to eat holding our plates !! <s>
0	Luckily , my friends are cool
9	and we still enjoyed each other ,
9	but the vig really took a big poo on my special night . <s>
9	They didnt even say  sorry "" or do anything for me"
9,to make up for it . <s>
9,I posted the complaint on their facebook wall to only have them take it down quickly . <s>
9,Dont make reservations !! <s>
9,They do not honor it . <s>
9,We actually watched our table be held with no explanation
9,and then watched another group come and take it as we sat in a corner . <s>
9,Come to find out ...
9,it was friends of the manager . <s>
9,Suck it vig uptown ! <s>
9,You 'll never see me and many of my friends again . <s>
0,I decided to join yelp because of this place . <s>
0,"Came in for brunch today , the place was busy"
1,and and had good vibe . <s>
1,Everyone was friendly
9,but that 's all
9,there is to this place . <s>
9,The wait staff was all over the place . <s>
9,We had to grab someone 20 mins after we sat down
0,to place our order . <s>
0,We saw
9,what appears to be our food
9,sitting at the food window . <s>
9,It turned out to be ours
9,after sitting there for a good 10 mins . <s>
9,An hour
9,after sitting down we finally got our food
9,which was mediocre at best . <s>
1,It 's a lot of food for the money
9,but i 'd rather take my money elsewhere . <s>
9,They were apologetic
1,and food was on the house
9,but we 're not coming back . <s>
0,This review is for the shot clinic
0,"they had in may , 2013 . <s>"
0,I have been to several shot clinics
0,and have been in and out in an hour or so
0,when i was at the back of the line . <s>
0,"Here i was the 6th person in line ,"
9,and waited about 2 hours . <s>
9,The vet was so slow . <s>
0,He would spend 20930 minutes with a dog . <s>
9,It was crazy . <s>
0,"This is a shot clinic ,"
1,intended to just get in and out . <s>
0,"If you want to have a regular vet visit ,"
0,go to your vet . <s>
9,I do n't have time for this with a toddler
9,running around . <s>
0,I just need my dogs
0,to get shots . <s>
0,"We then had blood drawn ,"
0,and waited another 20 minutes
0,to get the results (
0,the test took
0,5 minutes )
9,this shot clinic wasted my whole saturday . <s>
9,I was not happy . <s>
0,"I wanted to like this place , i really did . <s>"
1,It 's kinda euro cool
0,and feels
1,like it might be really unique . <s>
1,I love the old tempe style tall brick walls and the clean interior design . <s>
1,"We were greeted with a friendly smile and a "" no worries "" from our waitress . <s>"
9,"However , at that point , it went downhill so fast . <s>"
0,"First off ,"
0,"we ordered a couple of latte 's ,"
9,"and found them to be lukewarm instead of hot ( plus ,"
9,"they were all foam ,"
9,which means the barman was having trouble with the difference between capuccino 's and latte 's ) . <s>
1,They remade them
1,and we set about having a good time once again . <s>
9,"But then , our waitress was noticeably absent most of the time . <s>"
9,It took forever
9,to order the food . <s>
9,Forever to get the food . <s>
9,Forever to get the bill . <s>
9,Just absolutely terrible service . <s>
0,"Meanwhile ,"
9,"while we 're doing all this waiting ,"
0,there are three or four waitstaff and a manager
9,hanging around
9,and chatting by the cash register . <s>
0,I think
1,"this place has potential ,"
9,but i would call my investment in caffe boa a disaster . <s>
9,We wo n't be back . <s>
9,We had a very disappointing experience today at over easy . <s>
9,"First of all , the service was lousy , slow and inattentive . <s>"
9,We had to remind the waiter
9,twice to bring drinks and once to bring toast
9,that came with my father 's meal . <s>
9,The food was equally unremarkable :
9,i had the cheddar biscuits and gravy
9,"and they were bland , barely seasoned and cold . <s>"
0,"My husband had the famed "" waffle dogs """
0,and he said
0,"they were "" decent , """
0,but that 's about it . <s>
0,Our friend had the chicken fried steak
0,and found
9,"it lacked seasoning ,"
9,and the breading was sliding off of the meat . <s>
0,She said
1,"the hash browns were the best part of the plate ,"
0,"giving them "" three stars . <s>"
9," Overall , we will never come back to over easy again due to the service and bland , average food . <s>

1 0306769
0	I will keep this one short . <s>
1	Value : great . ( lots of food for the moo la ... wait is
1	that how you spell it ? ) Atmosphere : ummm ...
1	interesting place . <s>
9	But cheaply put together . <s>
0	Quality : ho hum . <s>
0	The food was fine ... but nothing special . <s>
0	Very plain . <s>
9	Service : well not much in the way of service ... order and the window and get out of the way . <s>
1	Not my favorite but worth the visit . <s>

1 0306842
0	We decided
0	to get a bite
0	to eat after golf
0	and since this is in my neighborhood was hoping for it
0	to be good . <s>
9	They seemed understaffed . <s>
0	I ordered the chicken salad with raspberry viniagrette . <s>
0	The salad came with ice berg lettuce ,
9	was overly dressed
0	and had dark chicken ( grilled ) on it . <s>
9	It was not very good . <s>
0	My husband ordered a hot dog and fries . <s>
0	He said
1	the hot dog was good ,
0	and fries fine . <s>
0	But
9	when the bill came we were charged $ 7 for the hot dog and another $ 6 for the fries . <s>
0	My salad was $ 8 . <s>
0	I hope
0	they are working on something
9	because it was not a good experience
9	and sad we only have the twisted lizzard
0	to eat at locally . <s>

1 0307108
1	Service here is always friendly ,
1	and it 's a pleasant place
1	that offers a lot of fish for the buck . <s>
0	Go for fish over lobster or shrimp ,
1	as you get more food for the buck ,
1	and it tastes good
1	going down . <s>
1	Plus , salsa bar ! <s>
1	They 've added dessert ,
1	and the coconut9lime bars are really good . <s>
9	Not so good is the sangria ,
9	which has a strange cardboard background taste . <s>
9	Why two stars ? <s>
9	Well , it does n't taste so good
0	coming back up . <s>
0	Five hours later , it all did ,
9	and the problem lasted for 24 hours . <s>
9	That matches food poisoning with that meal as the source . <s>
9	It 's too bad ,
1	as i enjoyed the meal
1	while it was happening ,
9	but this is a risk
9	i would n't take again . <s>

2 0307825
1	This is great
1	when you are in the mood for something different . <s>
9	As with any family9run hole in the wall , service can be slow ,
9	so be prepared . <s>
9	What the staff lacked in speed ,
1	they made up for in charm
1	and smiles . <s>
1	The food was good ,
9	but nothing that wowed me . <s>
0	I had the pierogis
0	while my friend had swedish meatballs . <s>
1	Both dishes were tasty ,
1	as were the side dishes . <s>
0	One thing
9	that was disappointing was
9	that the food was a a little cold ( lukewarm )
9	when it came out . <s>
9	Maybe the chef or the staff was having an off day . <s>
1	The restaurant itself is bright and clean . <s>
1	I will go back again
1	when i feel like eating outside the box . <s>

2 0307986
1	This place has good food and huge portions . <s>
1	I went for a team lunch and even with 6 of us during lunch ,
1	there was n't a wait . <s>
1	We ordered and the food arrived correctly and quickly . <s>
1	I ordered the citrus chicken salad 9 the lunch size portion with the jerk chicken , cranberries , golden raisins , pecans , etc. . <s>
0	. <s>
1	I could n't finish it . <s>
1	I am not sure what the entree size would look like ,
1	but i am sure
9	it would be a waste . <s>
1	Maybe good to share ? <s>
0	I did not order the desserts ,
1	although they all look great
1	and are huge . <s>
0	I saw online
9	that a slice of the chocolate motherlode cake has just over 2000 calories . <s>
0	I think
9	i will pass . <s>
9	The one down thing for the lunch is
1	that my manager ordered from the a la carte menu . <s>
9	Instead of a meal she ordered just a side of asparagus 9
9	and 6 stalks were $ 5.75 . <s>
1	It is brushed with oil and grilled . <s>
0	She claimed
1	it was very good ,
9	but at about $ 1 per piece , i do n't know
9	if it could be that good ...
1	my entire salad was $ 8.75 ...
1	the service was fast and friendly . <s>
1	She brought the food out correctly
1	and had no problem splitting up those order totals for those with credit cards . <s>

2 0308632
0	I have to agree with both pierre
0	and donald . <s>
1	However there are 2 menu items worth ordering . <s>
1	I get
1	them togo all the time for lunch . <s>
1	The lettuce wedge and the willy burger . <s>
9	The steaks are awful ! <s>
9	They put some crap
9	they describe a seasoning
9	that is so overpowering
9	you ca n't eat it . <s>
9	Also someone needs to teach the cook the difference between med rare and well . <s>
0	I know
0	i know
0	that is a big difference
0	but
0	when i ordered the rib9eye med
9	rare i got a hockey puck ! <s>
1	Sidebar the bread is really good
1	when you get it hot . <s>
1	The wrap up burgers are good
1	and the lettuce wedge rocks ,
9	skip the steaks ! <s>

2 0308746
1	Pretty neat bar with cool atmosphere . <s>
0	Live band on some nights . <s>
1	Food is n't bad for a bar . <s>
0	I had the bbq chicken pizza 9
9	the dough was tasteless
9	so i did n't eat the crust . <s>
9	The chicken was like jerky . <s>
1	But the overall flavor was pretty good . <s>
1	I 'll probably come back for happy hour specials . <s>
1	The prices seem fair
1	and i love live music . <s>

2 0308813
9	I had a total freak9out moment at bs . <s>
0	My best friend is gay and so i find myself here on a somewhat regular basis . <s>
0	The last time i went
0	i think
0	i was having an existential crisis . <s>
0	I had just died my hair red
0	and my reflection in all the damn mirrors inside bs was freaking my drunk self out . <s>
9	I bailed on my friends
0	and ended up in a cab
9	that cost double the normal price from old town to my house . <s>
9	Not a good night . <s>
0	If you 're a straight girl ,
0	bs will either bring a little bit of the bi9curious out in you
0	or you will find
9	yourself saddened by the fact
0	that the incredible hot go9go dancer would rather be touched by your gay friend than you . <s>
9	This place gets packed
0	and sometimes ,
9	when it gets all hot , sweaty and crowded i
9	get panicky like i need a good slap in the face
0	to calm down . <s>
9	Seriously , do n't wear your good shoes . <s>
9	Someone will spill a drink on them
9	right before they step on you . <s>
1	In all seriousness , they have two for one drink chips , fun music , and hot male go9go dancers in their underwear 9
1	what 's not to love about that ? <s>
0	It 's also the only place in scottsdale
0	where i 've played spin the bottle since high school . <s>
9	They have this weird little make9out/vip room upstairs . <s>
9	Just make sure to pee
9	before you go . <s>
9	The bathroom situation is a nightmare . <s>

2 0309116
1	This is a perfectly acceptable chinese restaurant . <s>
1	The food was quite tasty . <s>
1	The rice was not too sticky . <s>
1	The eggroll was not too greasy and quite good . <s>
1	The chicken was very tender . <s>
9	The egg flower soup was not the greatest . <s>
1	The restaurant looked clean
1	and the service was very good and friendly . <s>
1	The food came very fast , kind of too fast . <s>
0	I will probably go again ,
0	but get the food
0	to go instead of dine in . <s>
0	I do n't think
9	it was a great dine in experience ,
1	but the food was reasonably priced and good . <s>

2 0309195
0	Store bought cheddar cheese on a fish taco ? <s>
0	What is this ? 1990 's des moine ? <s>
0	We 've come too far as a dining public
9	to have to put up with these conveniently concocted impostors . <s>
9	Also , the  sonoran dog "" was less sonora and more hippie haberdashery . <s>"
1,"Both items , the fish taco and hot dog , were decent . <s>"
9,It was just their bastardization of these two original classics
9,that got to me . <s>
9,They were so far from the originals
9,that they should n't have shared the same name . <s>
1,"The place is alright ,"
1,"the prices reasonable ,"
1,and the ambiance relaxed . <s>
1,"A nice place to include in the lunch mix ,"
1,given you work in the area . <s>
0,My daughter was in the hospital and everyday all
0,she wanted
0,was sushi ! <s>
0,I am not very familiar with phoenix or good sushi restaurants
0,so i went to my phone for help . <s>
0,This restaurant was on the way to the hospital
0,so i thought
0,i would give it a try . <s>
9,It was n't quite what i expected . <s>
0,"Kind of like a sushi "" subway "" restaurant . <s>"
0,I ordered a shrimp tempura roll and a salmon roll . <s>
0,I am going to have to agree with marc
9,that it is a step above grocery store sushi . <s>
9,The service was eh
0,and the food was ok ...
9,but probably not somewhere i would go back to . <s>
0,"I would have given this place 3.5 stars , but not 4 . <s>"
0,"The pizza was good , not great . <s>"
0,Interesting combinations of ingredients on most pies . <s>
9,Could n't have been more disappointed by the margherita pie . <s>
0,"Honestly ,"
9,if you ca n't make a plain cheese pizza work what good are you ? <s>
1,"The decor was nice ,"
1,the waitstaff was excellent . <s>
0,"The wait , well let"
0,'s just say
9,it is not worth
9,it to wait even a half hour for this stuff . <s>
0,Go eat at parlour or cibo
0,and you will be just as happy with no wait . <s>
0,Would only go here again
0,if someone held my place in line
9,and i could swoop in here at the last moment . <s>
9,"Once again , hype outweighs reality . <s>"
1,Bam ! <s>
1,This place really pops . <s>
0,Either that or no other place was opened that night . <s>
9,"Definitely , not my cup of tea any more . <s>"
9,Everyone here was so young
9,and i felt so old haha . <s>
0,"Granted ,"
0,i think
1,"if you just wanted a few drinks with the guys ,"
1,this is a great spot . <s>
1,Drinks are cheap
1,and the music is bumping . <s>
1,The music is n't bad ;
1,then again i was really listening . <s>
1,I was busy playing the games in the back room . <s>
1,"Pool tables , extra large jenga , connect 4 ,"
1,and bean bag
1,throwing (
9,which i sucked ) come
1,and bring your a game ! <s>
9,I would n't say this would be a great pickup bar
1,"as some signs suggest ,"
1,but if you 're a gal pal then by all means . 9 enjoy ! <s>
0,I came in on an early friday morning
0,to buy a dozen and a half of donuts for my co 9 workers . <s>
0,"The man behind the counter found it odd i order such an amountapparently , by the way"
0,he repeated my order . <s>
0,"In my case 1 dozen would have been too little ,"
0,2 dozen too many
0,and i did n't want to waste any . <s>
0,That alrady made
9,me feel uncomfortable . <s>
0,"Just fulfill whatever order you get , i am customer . <s>"
0,"It was my first time here , after many , many drive by 's . <s>"
0,"He asked me what flavors and suggested to make a mix , i did n't have a preference ,"
0,as i just liked an assortment . <s>
9,Again i was frowned upon . <s>
0,Just give me your bestselling flavors ...
0,what 's the problem . <s>
0,"Well , i guess"
9,it was once and never again . <s>
1,"The donuts were fresh tasting ,"
9,but the service was far beyond friendly . <s>
9,"To bad ,"
9,you could have earned a new customer . <s>
1,This place is alright . <s>
0,"Honestly it looks just like pcl , but instead of a girl in the little glass box above ,"
0,there are now 192 gogo dancers . <s>
0,"The music was similar to any other place , nothing special . <s>"
0,I did n't think
0,it was all that different from pcl 9
0,"which is fine , i never had a problem with that place anyway . <s>"
1,"The drinks seemed strong ,"
1,which is always a huge plus in my eyes . <s>
0,"I 'd go back for sure , just not my first choice for dancing . <s>"
0,And the other 2 reviews on here seem completely planted . <s>
0,O_o be more convincing
0,if you 're
0,gon na do that . <s>
1,Been to this denny 's multiple times . <s>
1,"The food is good , not great . <s>"
1,"The service is usually good ,"
0,"but the last time i was there ,"
9,the server was terrible . <s>
9,He spilled ten glasses of water all other me . <s>
9,"I was angry , walked outside in the heat for a few minutes"
9,"to calm down ,"
9,and then came in with my shorts eventually drying . <s>
9,Other people in the group had problems with this server as well
9,when ordering . <s>
9,"Sadly , one of my friends wrote about him on a comment card ,"
9,and the manager called him informing him
9,that he was fired . <s>
9,"Personally , i would n't have wanted"
9,"him fired ,"
0,but i will say
9,i was quite annoyed with him that night . <s>
0,Went here for lunch today for the first time
1,and loved the atmosphere and service . <s>
1,Everyone was super nice and helpful
1,and the booths are so cushy and comfy ! <s>
0,My friend and i shared
0,the mushroom and sausage pizza and the chicken chopped salad . <s>
1,"The crust , mushrooms and sausage on the pizza were excellent . <s>"
9,The only thing
9,i was n't a fan of was the red sauce . <s>
9,"It needed more development ,"
9,it tasted a bit like tomato paste out of the can . <s>
1,"The chicken in the salad was grilled and in nice , small , easy9to9eat pieces . <s>"
9,The dressing was a bit
9,watered down
9,and lacking in flavor . <s>
0,"All in all , it seemed"
9,like nook just needs a little bit of fine9tuning
1,but has great potential . <s>
1,"I would definitely be willing to give it another go ,"
1,mainly based on the excellent service . <s>
0,This is one of those places
1,that gives you massive portions
0,to allot for their somewhat higher pricing . <s>
0,"However , overall i felt"
1,it was worth it . <s>
0,"We dined on the patio outside , along the golf course , in the evening"
1,when it was cooler out . <s>
0,"I had a salad ,"
0,which i mistakenly did not order the half size ! <s>
0,I was brought a regular full size
1,which could definitely feed a small family . <s>
1,Haha . <s>
1,"Very tasty and fresh , i really enjoyed it . <s>"
9,Our server was a bit aloof . <s>
9,She just did n't seem to be there
9,and maybe was a little stressed out or overwhelmed . <s>
1,Very sweet girl though . <s>
1,"I usually like amc , i do . <s>"
0,But it seems
0,"that everytime we go here ,"
9,there is a problem . <s>
0,"For example , the other night , we wanted to see date night . <s>"
0,Both moviephone.com and fandango.com had shows at 8:45 and 9:40 . <s>
0,"When we showed up ,"
0,"having missed the 8:45 ,"
0,we wanted to go to the 9:40 show . <s>
9,"No one was up front selling tickets ,"
9,so we had to buy it through the machine . <s>
9,It said
9,"it was currently 8:51 ,"
9,and that the only show that night was 8:45 . <s>
0,So we figured with previews
0,"we 'd be fine ,"
0,bought the tickets ...
9,which then came out of the machine completely smeared and unreadable . <s>
0,"Upon entering the theatre ,"
0,we realize
9,"it was way into the movie ,"
0,so we check out cell phones . <s>
9,It was actually 9:25 99 the machine 's clock was off . <s>
9,We went back to guest services
9,"to get a refund ,"
9,and were told
9,there was no 9:45 . <s>
9,"Then i saw his sheet of paper ,"
9,and pointed out to him
9,that it said 9:45 was the next showing . <s>
0,After a moment
9,"of "" oh , well , i just did n't see that ..."
9,"and the machine is broken """
0,we asked
0,"if we could just go see the 9:45 , and were let in . <s>"
9,"For the outrageous prices for both tickets and food ( and the machine sure does n't help or give any student discounts ) ,"
9,i 'm really underwhelmed . <s>
9,We 'll probably look at another theatre . <s>
0,I had a very mixed experience at the stand . <s>
1,The burger and fries were good . <s>
1,The chocolate shake was divine : rich and creamy . <s>
9,The drive9thru was horrible . <s>
9,It took us at least 30 minutes
9,to order and get our food
0,when there were only four cars in front of us . <s>
0,I can understand how drive9thrus can get backed up . <s>
0,It happens . <s>
9,All the worker had to do
9,was apologize for the wait
0,when we got our food . <s>
9,We complained about the wait
9,and we got a half hearted apology . <s>
1,I would like to go back
1,because the food is good
1,and i want to support a local business . <s>
9,My only hesitation is the long wait . <s>
9,It is hard to wait that long in a drive 9 thru . <s>
0,Went for sunday brunch after morning rains
9,so the patio was closed . <s>
9,They should switch entrances
9,so the restaurant comes before the market . <s>
9,Kinda confusing for the first time visitor . <s>
1,The restaurant itself is very nicely decorated with a classy feel . <s>
1,It 's a varied clientele : i noticed tables
1,"that could 've been from the golden girls to real housewives of scottdale to teen mom , az . <s>"
0,. <s>
0,I thought
0,"the food ,"
0,"while good , was not anything spectacular . <s>"
9,Portions were pretty small for the price
9,and there was not much by way of presentation
9,to match the tag . <s>
9,My sangria seemed a bit diluted . <s>
9,Our waiter was being trained
9,so i 'll pardon his awkwardness
9,as he tried to repeat everything
9,he was supposed to memorize multiple times . <s>
1,I 'd come back on a cool day
0,"to try hh out on the patio to people watch ,"
9,but probably not for brunch . <s>
0,Came here last week with my $ 10 for $ 20 groupon . <s>
9,Their menu is a little uninspired with the standard sandwich items
9,and a tiny bag of lay 's come with the sandwiches . <s>
9,All the other chips options
9,they have are extra . <s>
0,"For two sandwiches , two orders of soup and one tea , i think"
9,we ended up at about $ 26 . <s>
0,Glad i had that groupon . <s>
9,My sandwich was just okay . <s>
9,Exactly what i could make at home
9,so i was a bit disappointed . <s>
0,I tried the broccoli cheese soup
0,"and it was n't bad , not great"
9,and i probably would n't get it again . <s>
0,While you could tell
0,"it was a locally owned and decorated place ,"
1,it was cute
9,but i did n't really like sitting at patio furniture inside . <s>
0,Personal preference i guess . <s>
9,Since nothing wow 'd me
9,"and it was a bit on the pricey side ,"
9,i probably would n't come back . <s>
0,Sorry ladybug . <s>
0,Incredibly odd layout to this place . <s>
0,I needed a few minutes and a rosetta stone to figure out
0,why there needs to be segregated dining . <s>
0,Still a mystery . <s>
1,The food is pretty good . <s>
0,I echo the overall sentiment about the authenticity . <s>
1,But they 've done a decent job
1,of melding the upper east side with the southwest . <s>
0,One thing
9,they should have left on manhattan
9,is that nyc attitude . <s>
9,Because customer service matters in the rest of the world . <s>
1,Love this neighborhood spot . <s>
1,Great place to go to enjoy some good food
0,"( bar foods ) ,"
0,and drinks . <s>
1,They have a wide selection of beers to choose from
1,and are very knowledgeable about them . <s>
1,The staff is super friendly and attentive . <s>
1,My favorite menu item ... <s>
1," the big freaking nachos  , a delicious twist on nachos . <s>"
0,"Made with fried wonton chips ,"
0,"crumbled italian sausage , pepperoni slices , peppers , and melted cheese . <s>"
1,Yum ! <s>
9,"Do n't expect anything fancy in terms of ambiance ,"
0,"it 's a hipster hang out ,"
1,very eclectic . <s>
0,I was introduced to five guys burgers during one of my many trips up to chandler blvd. . <s>
0,. <s>
0,"The burgers come in two sizes , a double and a single . <s>"
1,All of the toppings are free
1,and the options are plentiful . <s>
1,The soda machines are the new touch screen type with lots of different flavors . <s>
1,The burgers are always juicy and delicious although i could stand
9,for them to be a little bigger . <s>
0,The real reason
1,why i will continue to return
1,are the fries . <s>
1,Omg these are probably the best fries
1,i 've had
0,since i had thrasher 's fries on the boardwalk of ocean city md. . <s>
0,. <s>
0,If you put ketchup on these fries you
0,are missing the point entirely . <s>
0,Vinegar is provided on the condiment table
1,and takes the fries to the next level . <s>
1,"As a word of advice , the small order of fries is more than enough for two people . <s>"
0,Save your money
0,and share a small order . <s>
9,This brings me to the only real negative ... the prices . <s>
0,I am aware
0,that
0,if you want a quality burger
0,"you will pay for it ,"
9,"but when my wife and i get a burger each , a small fry to share and two drinks"
9,"and it comes to 20 dollars ,"
9,something is wrong . <s>
9,I 'm never full
9,when i leave
9,and it seems
9,like i should be after spending 20 bucks for lunch . <s>
1,Definitely worth checking out
0,though if you 're a burger/fries fan . <s>
0,I 'm torn on 4 or 3 stars . <s>
0,I thought
1,the food was good . <s>
0,They bring you 3 types of salsa . <s>
1,We arrived to a really good 2 person band
0,performing on thursday night . <s>
1,Its just a nice place to hang out . <s>
0,I would have to rate
9,it was expensive . <s>
0,I had the seafood guac . <s>
1,Wow was it good . $ 15 but the quality and taste made it worth every penny . <s>
0,I probably would have given it 3 stars
0,if it wasnt owned by santana i admit i like music and i like live music places . <s>
1,Great place for going to the movies . <s>
1,"I like this place for a lot of reasons , here are some of them ... 1 . <s>"
1,"Clean , no smells , my feet never stick to the floor 2 . <s>"
1,I feel safe there and in the parking lot 3 . <s>
1,The people that work there seem to understand what i am saying 4 . <s>
1,There are many theaters
1,so i can almost always find a movie at the right time 5 . <s>
1,I can eat an okay dinner
1,"and get to the movie ( baja fresh , panda express , wildflower bread co. , claim jumper etc ) 6 . <s>"
1,They never freak
1,when i bring a drink from another place 7 . <s>
1,My friends can find the place easily 8 . <s>
1,Rarely packed out even for brand new releases <s>
0,I would probably give this place 3.5 stars . <s>
0,I am rounding up to 4 stars
1,because the prices are much more reasonable
0,"that other "" dinner movie theaters . <s>"
1," Also , the service is friendly and fast ,
1	and the menu options are pretty good . <s>
1	The food also seems a bit cheaper than other similar places . <s>
9	The food however is n't amazing . <s>
1	It seems to be slightly better than other places
0	we have been to ,
1	and they are somewhat generous with their portions . <s>
0	While some of the seating is more normal ,
0	regular chairs , there are also seating options
0	that are office chairs . <s>
1	They are comfortable ones ,
9	but at times it can be a bit awkward
0	when you swivel into your neighbor
0	or try to get comfortable . <s>
0	I will continue to go here though for this type of experience ,
1	as the prices are so reasonable . <s>
1	It 's also very clean ! <s>

3 0315233
1	Yum !! <s>
1	What a cool place !! <s>
1	The wine list is great
1	and introduced me to a new favorite wine : sparkling sauvignon blanc !! <s>
1	A perfect combination of my two favorite wines ! <s>
1	The extensive bruschetta menu was novel & very good . <s>
1	Also surprisingly filling . <s>
1	I would also highly recommend the cheese board ! <s>
1	Nothing was left unfinished on ours ! <s>

3 0315624
1	Coup des tartes is a particularly romantic place ,
0	although i 've never been here with someone i had even the most remote romantic thoughts about . <s>
0	Is n't that funny ? <s>
0	What 's funnier is
0	that i went here with some guy i
0	married for our wedding night dinner ! <s>
0	Ha9ha !
1	* the food is very delicious
1	and the women that work here are uncontrollably adorable , always . <s>
1	It 's a little dream of a house
0	and takes you a bit out of the city
0	when you 're here . * back story :
0	i married some bulgarian
0	so he could get citizenship . <s>
0	It did n't work out ,
0	so we are d9i9v9o9r9c9e9d . <s>
0	At the ripe young age of 24 , too ! <s>
0	My grandkids are going to have a field day with me . <s>

3 0315821
0	This particular location is n't as busy as the location in tempe . <s>
0	Why that is ,
0	i am not sure
0	considering it is sitting across the street from the mall . <s>
1	Over all the food and service is very good . <s>
1	Very attentive and food is huge ! <s>
1	No matter what you order , it 's tough to finish . <s>
1	Bakery has a lot
0	to offer anyone
0	who comes in . <s>
1	Bagels are fresh in the morning ,
0	but i would not recommend purchasing after 11am . <s>
1	The cream cheese is awesome ,
0	which we brought home tonight . <s>

3 0315893
0	I 'm not a huge greek fan ,
0	probably because i do n't like lamb gyros or pitas or
0	whatever they want to call it . <s>
0	But today i went in just get a chicken pita . <s>
0	I thought
0	it would be like any other chicken pita
0	but i was wrong . <s>
1	The chicken was very moist and the flavor was damn good . <s>
1	There sauce actually had good flavor to it since other places
0	i 've had we 're very bland . <s>
0	My friend got the chicken kabob plate ,
1	which for 8.99 was huge . <s>
1	He got a salad then a huge thing of rice , huge chunks of chicken and some toasted pita bread . <s>
1	Well worth it ,
1	this thing could probably feed 2 people . <s>
0	The rice
1	they have
1	is great
1	and the pitas were not over cooked/toasted . <s>
0	The only draw back is during lunch
9	it can get cramped in there
9	and the pepsi seemed alittle sweeter
0	than it should be . <s>
0	But those are very small problems . <s>
1	I would come back again
1	when i 'm in the area . <s>

3 0317355
0	Went late ,
0	was going to macaroni grill
0	but thought what the heck ,
0	lets get some of that claim jumper going . <s>
1	Very clean with wide open feel to it . <s>
1	Nice lighting and greeted right away
1	and our waitress was excellent ,
1	she actually had a personality
1	and checked on us often . <s>
1	The food was decent comfort food . <s>
1	Huge portions as others have noted . <s>
0	I had the rotisserie chicken with mashed potatoes
1	and it was spot on . <s>
1	They have a good selection of beer on tap
1	and have their own brand of beer on tap ,
1	their version of hefenwisen was very good . <s>
1	Nice body and tart . <s>
1	Really good wedge salad too ,
1	i likes me some good wedge salad . <s>
1	I would definitely go back
1	to get our claim jumper on . <s>

3 0318240
1	I really really really like the personality of this  newly """
1,discovered place . <s>
1,The evening temps allowed us to sit and enjoy on the patio . <s>
0,The owner ? <s>
1,Greeted us
1,and had a conversation with our dinner companions
1,"since they both lived/worked in maryland at one point ,"
1,"demonstrating to me at least ,"
1,that he seemed sincerely interested in his clientele . <s>
1,We shared
0,a crab dip app and i thought
1,"it was rich , creamy and delicious . <s>"
9,But the problem
9,with sharing an app with some folks is no one likes
9,"to take the last few bites ,"
1,so i wound eating alot of it . <s>
0,"I ordered the green chile sauce pasta , however ,"
9,i was a little disappointed
9,that there was not much green chile flavor/kick to the dish
0,( i 'm aware
0,that not all green chile 's are fiery hot ) . <s>
1,"My wife 's dish , the baramundi special , was much better , albeit a tad heavy on the rice . <s>"
1,"I also ordered a cup of clam chowder ,"
9,but had it sent back
9,because it had bacon in it . <s>
9,I do n't think
9,clam chowder has bacon in it . <s>
1,We were comp
0,"'d a mixed berry "" cobbler "" desert"
9,since a side salad
9,that was ordered was not brought out . <s>
9,"It was a huge desert , but rather cakey , and more like a berry shortcake than a cobbler . <s>"
1,"Overall , a nice little place with a great atmosphere . <s>"
1,Excellent service and staff . <s>
1,Many seafood options for non9meat eaters . <s>
1,Coffee tastes great . <s>
9,Service was a little questionable . <s>
0,I do n't mind having to wait a bit for coffee 9
0,i understand
0,that quality takes time . <s>
0,But i think
9,it would help to have more than one person
0,making the drinks on a saturday morning . <s>
9,I waited in a line with about 6 people in front of me
9,and did n't have my drink until 20 minutes later . <s>
9,"Also , the drink was wrong . <s>"
0,I ordered a hot salted caramel latte
9,and ended up with an iced regular caramel latte 9
9,"and yes , it was definitely my order . <s>"
0,I drank it anyway
1,and it was pretty good . <s>
0,I went back later to give it a second chance
0,and finally got my salted caramel latte . <s>
1,It was amazing ...
0,i added a sprinkle of cinnamon
1,and it was a glorious fall beverage . <s>
1,"Also , the price was reasonable 9"
1,i love
0,that they do n't add tax . <s>
1,"I recommend this place ,"
0,but make sure
0,they take your order correctly . <s>
0,Searsucker is nestled into the corner next to neiman marcus at scottsdale fashion square . <s>
0,I 've
0,driven by so many times
0,and had n't seen it ! <s>
0,Now having been for the yelp event last night i
1,'m really glad i got to try it out . <s>
1,The decor is very cool . <s>
1,Modern but with rustic elements
1,and has touches of a southwest motif
1,to match the desert . <s>
1,The staff was great9both servers
1,and bar staff were friendly and helpful . <s>
1,I really enjoyed the samplings of food
1,we tried9especially
1,the experience of the charcuterie table with various culinary offerings
1,artfully displayed and open for indulging ! <s>
0,"Their full menu is organized into sections : smalls , bites , ocean , ranch , farm , greens , ands . <s>"
1,Everything looks and sounds great
9,although unfortunately for those of us
9,"who do n't eat meat , many of the seafood and even green dishes include meat . <s>"
9,"So although i might not find too many items for dinner ,"
1,i may be back to have a crafted cocktail in the lounge . <s>
0,My friend and i had gone to az this past weekend for spring training
0,to see the angels play . <s>
0,After their game we went on a mission
0,to find a place for dinner (
0,"yes it was early ,"
0,we had waken up at 415 am
0,to drive down there
9,and had barely eaten
9,so naturally we were starving by 5pm ) . <s>
0,She wanted to get a little bit of shopping in as well
0,so i looked it up
0,and found cadillac ranch in tempe marketplace . <s>
1,Since it was still kinda early we were seated immediately . <s>
1,The place looks really cool i dig . <s>
1,Our waitress was super nice and quick
1,she gave us waters
1,immediately before taking our order . <s>
1,I got
1,the pork tacos and my friend got buffalo chicken strips as an entree . <s>
1,The food came out pretty quick
1,so that was a plus for our ravenous tummies . <s>
1,My tacos were pretty legit . <s>
1,It came with a side of chips and salsa ;
9,the salsa i 'll pass on ( tasted like pace bottled salsa )
1,but the chips were n't bad . <s>
1,My friend 's buffalo strips were hands down some of the best buffalo chicken
1,i have ever tried . <s>
0,I do n't know
0,what they did
1,but it was the most tender melt9in9your9mouth chicken . <s>
0,I almost wished
0,i had
1,ordered that instead . <s>
0,Our bill came out to $ 17something in the end for 2 entrees and 1 soda
1,so that was also pretty awesome . <s>
1,Thus why it deserves the 4 stars . <s>
9,This location is in a scary neighborhood . <s>
1,"But , the inside was renovated with mcd 's new interior design . <s>"
1,So it looks nice
1,and well kept up thus far . <s>
9,The cashier i got tried to charge me for using my living social deal . <s>
0,He said
0,"it was just $ 1 off ,"
0,when in fact the ls deal was prepaid for already . <s>
0,I told him to ask his manager
0,"and she would correct him ,"
0,which she did . <s>
1,Fries were good . <s>
1,"I likely will return to this location ,"
9,but maybe not at night . <s>
1,This gb is one of our favorite places
1,to stop for snack and good seasonal beer . <s>
1,We try for sundays to do our shopping in the area
1,and stop here ...
1,because it is happy hour in the bar area all day long . <s>
1,"Great specials on their beers , wine and appetizers . <s>"
1,"We have tried several of their appetizers ,"
1,but you ca n't beat their garlic fries here !! <s>
1,Yum9o ! <s>
1,"Anyhow , the service here is always great . <s>"
1,"The hostess , bartenders and waitress are always friendly and ready to take your order . <s>"
1,It is especially nice
1,when the weather is beautiful then
1,they open up the patio/bar area . <s>
1,Great place to watch games ...
1,plenty of tv 's . <s>
0,"I frequent the mill ave. location ,"
0,because i work in the area
1,and it does not compare to the san tan gb . <s>
1,Decided to check this spot out with a group of friends on saturday and what a cool little bar ! <s>
0,"It 's super tiny ,"
0,like you could drive past it in a nano9second . <s>
1,The interior decorations are pretty sweet . <s>
1,"They have this like wood wallpaper all around the place , super man9cave worthy . <s>"
0,"They have tons of silly named drinks on the menu ,"
0,but i stuck with beer . <s>
0,"The bar is super small ,"
1,but the service was great
0,and the people
1,watching even better . <s>
1,It 's a cool spot
0,to jsut catch a drink
0,and not worry about the outside world for a bit . <s>
1,"All in all , cool little bar"
0,that i 'm sure
0,i 'll make my way back to when i 'm in the area . <s>
9,"Although i prefer the beer at another local brewery ,"
1,this place has amazing food . <s>
0,We all had trouble
0,deciding what to order . <s>
0,"I tried only one wing , because the guys"
1,devoured them . <s>
1,I should have taken pics of their sauce stained faces . <s>
0,"I had the stuffed mushroom burger ,"
1,which was amazing
1,and i could n't get enough of their beer battered fries . <s>
1,My friend 's rib eye philly sandwich also looked really good
1,and that will be the next thing
1,i try
0,when i come back . <s>
9,Service was a bit slow . <s>
0,We asked to sample some beers
0,before we ordered
9,and it took forever for our waitress
9,to bring them out . <s>
9,We thought
9,she had forgotten about us . <s>
1,But the food was worth the wait . <s>
1,There was live music
1,when were were there for dinner on a sunday . <s>
1,The guy was pretty talented . <s>
0,I 've
0,been hoping for a place like grabbagreen
0,to come to the neighborhood . <s>
0,"They offer a variety of smoothies , fresh juices ,"
0,"acai bowls ,"
0,and rice ( or other grain ) bowls . <s>
9,"It is a little pricey ,"
1,"but good , fresh ingredients can be ."
9,"( i spent $ 18 on a rice bowl with tofu and a fresh juice ,"
1,but i was able to stretch the bowl into two meals ) . <s>
0,You have to like healthy
0,if you 're going to like grabbagreen . <s>
0,"And i do ,"
0,so i thought
1,it was pretty good . <s>
0,My bowl
0,( i
9,"got a bbq one ) was a little bland , but nothing"
1,that a dash of siracha did n't solve . <s>
1,"Their fresh juice was a little small , but very tasty . <s>"
0,I also have picked up a smoothie there
1,and it was big enough
1,to end up
1,being my dinner . <s>
1,I 'm excited to try their acai bowls next ! <s>
1,This is a great little family run italian restaurant in a strip mall . <s>
0,"Do n't let the location or decor steer you away ,"
1,the food is really quite good . <s>
9,"While the place is rather small and usually pretty crowded ,"
1,we have never had to wait too long . <s>
9,There is no alcohol available
1,but you can byob
1,and they do n't charge a corkage fee . <s>
0,Make sure to bring cash
0,as it 's the only way
0,you can pay . <s>
1,The prices are fairly reasonable however
1,and portions are certainly adequate but usually not obnoxious . <s>
1,The owner has always been very personable on our visits
1,and you 'll likely be waited on by one of his sons . <s>
0,Even though we are from out of town we
0,always feel
0,as if they remember us . <s>
1,My son loves
1,their meatballs (
1,they are huge ) . <s>
1,The eggplant is good too and try the tiramisu ;
0,i believe
1,the owner 's wife makes many of the desserts . <s>
0,"As for pasta dishes ,"
0,we usually just tell the waiter
1,what we are in the mood for and they recommend something . <s>
1,We 've never been disappointed . <s>
1,Wow ! <s>
0,We were just there
0,and i 'm thinking
1,about going back again tomorrow . <s>
0,"Seriously , they had a squash blossom stuffed with dungeoness crab , shrimp , sausage and manchego cheese . <s>"
1,"It must be laced with something addictive ,"
1,because i ca n't wait to get my hands on more . <s>
1,Equally as delicious was the duck breast with lingonberry sauce . <s>
1,Wow ! <s>
1,Done to perfection . <s>
0,Hubby had the short rib special
1,and it melts in your mouth . <s>
0,"We actually had a groupon ,"
1,"but we will go back for sure ,"
1,"because even at full price , it 's worth every penny . <s>"
1,Service and wine was impeccable too . <s>
1,This is nothing short of amazing . <s>
9,I 'm almost 60 years old and out of shape and limping around with back problems . <s>
1,I was intrigued by the low impact aspect of the workout and the stretching benefits
0,which i desperately needed
0,and i had to try it . <s>
1,They were patient with my skill level and very helpful . <s>
9,Turning upside down scared me to death
1,but it was easy
1,and i could n't wait to go back . <s>
1,It was so helpful
1,it actually decreased most of my back pain
1,and i 'm walking better . <s>
1,Every part of my body got a gentle workout
1,as i did the balanced lotus class . <s>
1,At the same time it was challenging
1,and i went at my own pace . <s>
0,There is nothing
1,that stretches as this does . <s>
1,I love it !! <s>
0,I can not believe
0,this is fry 's ! <s>
0,I remember
9,"what it looked like years ago , old and gritty . <s>"
0,"I have n't been in this store in years , until this week . <s>"
1,The remodel looks amazing ! <s>
1,"As soon as you walk in , there are a ton of flowers and plants"
1,to welcome you . <s>
1,"To the right , are the shopping carts , to the left ... a real cold stone ice cream shop ! <s>"
1,The entire store looks so much better . <s>
1,"There 's even a walk in wine section , sit down wine area . <s>"
1,This is now my grocery store . <s>
1,Love
1,that i 'm just a 5 min drive ! <s>
0,I live in the neighborhood
0,and a few months back was wondering
0,why there were all of these cars late at night by this little place . <s>
0,"Well , i stopped in"
1,and was so excited to learn
1,that it was a coffee/wine bar . <s>
1,I have been back several times for lunch and dinner
1,and it just keeps getting better and better . <s>
1,I even hosted my monthly book club here
1,and everyone had a spectacular time . <s>
1,"The staff is great and rebecca ,"
1,josh and jeff always aim to please . <s>
1,I highly recommend the lavosh of the moment & the roast
1,beef sliders are divine ! <s>
0,Follow them on twitter
1,as they tweet specials almost every day . <s>
1,Ca n't wait to see more people discover this little gem . <s>
1,"Try chicken noodles ,"
1,its the bomb . <s>
1,They have great lunch menu . <s>
1,"Red curry , yellow curry are great . <s>"
1,Tom yum and tom ka are great . <s>
1,Make sure
1,you pick 195
1,and stay within 3 . <s>
9,"Its a bit packed during lunch ,"
0,i wish
9,"they could turn around faster during lunch , oh well , its worth the wait . <s>"
0,My asian colleagues
1,who travel for short visits at least go here once
1,and love it every time . <s>
1,"Need i say more , officially addicted to swadee ! <s>"
0,Finally tried this place with friends from out of town . <s>
0,We went on a saturday afternoon for lunch
9,and waited about 20 min for a table . <s>
1,The menu looks amazing ! <s>
1,"Wonderful sandwiches and salads ,"
0,as we waited and eyeballed the food coming out to other tables
1,we were immediately impressed . <s>
0,I went with the veggie hummus pita wrap
1,which came with super crispy sweet potato chips . <s>
0,My husband opted for the sweet potato tacos
0,that i kept staring at . <s>
0,Our friends also ordered the sweet potato tacos and and the steak tacos . <s>
1,We each thoroughly enjoyed our meals
0,and with all plates cleaned
0,we ordered a round of coffee and tea
0,to finish the meal . <s>
1,"Everything was deliciously fresh , good flavors . <s>"
1,The decor is simple and clean
0,and my friend commented
0,that she felt
0,like she was at a virginia beach house . <s>
1,They passed
1,the water glass test too9always a bonus . <s>
1,Great place !!! <s>
0,We have eaten here many times
1,but this time was extraordinary for some reason . <s>
1,The service was impeccable ! <s>
1,The timing of bringing the food was perfect . <s>
0,We had the crab puffs . <s>
0,I never eat crab
1,but this was great ! <s>
0,I had the sweet and sour chicken with brown rice . <s>
1,There was enough for two more meals
1,after we took it home . <s>
0,"My husband got something with rice , chicken , pork and shrimp combined . <s>"
0,I have never reviewed the water before
0,"but honestly , it reminded me of the water"
0,we used to get right from the spring . <s>
1,I would pay for their water
1,it was so good
1,but it 's free . <s>
1,This is a great place
1,"if you want to have a conversation with someone ,"
1,it 's quiet . <s>
1,Note : stellar report from the health department ( does anything else matter ??? ) <s>
0,I ca n't believe i
0,"never reviewed here before ,"
9,and so sad it 's too late . <s>
0,Just got news
0,that
0,"after nearly 25 years , they 're"
9,closing their doors . <s>
9,Devastated . <s>
1,Me and my guy fell in love here . <s>
1,Planned to get
1,married here . <s>
1,Planned to have holleywood alley around ! <s>
9,"We live 1,200 miles away now ,"
9,and we are so sorry to hear the awful news . <s>
1,We will miss this place no doubt for many reasons . <s>
1,"Thank you , hollywood alley , for the amazing memories . . <s>"
0," we can pay the farmer now or the doctor later . <s>
0	 This was a quote on the back of their daily specials"
0,commenting about the price . <s>
0,It really does sum it up ! <s>
1,This place values the quality and preparation of its food
1,and you really can tell . <s>
1,The food was beyond fresh . <s>
1,Everything
1,we had
1,( see below )
1,was tasty ! <s>
1,"Raw nori rolls ( resh vibrant veggies ( cucumber , seasonal sprouts , bell peppers , carrot , celery , zucchini ) black bean quesadilla roasted vegetable pizza soup 9 roasted red peppers and tomatoes with quinoa and kale chocolate caramel heart ( sweets ! )"
1,"And i 'm not a huge tea fan ,"
1,and that was fantastic as well . <s>
1,Cranberry orange tea
1,the thing ioved most about this place
1,was
1,how calming the ambiance was . <s>
0,"So many times we are always in a hurry ,"
0,"enamored with loud conversation , tons of people , etc. . <s>"
0,. <s>
1,This was just the opposite . <s>
1,It felt like a vacation within the city . <s>
1,That 's nicer
0,than you realize from time to time . <s>
1,Awww yes ! <s>
1,This is a fantastic place
1,even if you are a meat lover . <s>
1,Dennita scores again with her latest costume institute function !!! <s>
1,"The focus was halston , his work and a strange but highly inciteful film about this american fashion icon"
0,prevailing over the 1970 's and beyond . <s>
1,Lots of young stylish men and women seem to echo my sentiments . <s>
0,Dennita is the chief curator of the costume institute . <s>
0,For the last 8 years approx . <s>
1,She has brought needed energy and momentum to this faction of the museum . <s>
1,We are blessed
1,to have her in our midst ! <s>
1,Anxiously awaiting her next event ! <s>
1,"This one was entirely affordable at $ 20 ,"
1,offering a pre9party with yummy food and a 2 hour film . <s>
1,Cash bar was reasonably
1,priced as well . <s>
1,Great vibe ! <s>
0,I was there on a tuesday
0,99
0,the first time i have been
0,since the bar has changed owners . <s>
1,"First of all , it was packed on both sides"
1,#NAME?
1,that this spot will make it . <s>
1,Posh crowd in the typical downtown phoenix fashion . <s>
9,Food took a little while to come out
1,but the meals were great ! <s>
1,I had grilled chicken and veggies on skewers
1,99 amazing flavor ! <s>
1,I will definitely be back . 1 1 great beer selection as well . <s>
1,"After almost 2 months of visiting this place , i am still fantasizing about their food ! <s>"
1,I trusted my fellow yelpers
0,when i was taking a road trip with family to tucson from california
0,and had to stop for dinner on the way . <s>
1,The yelpers ' raving reviews did not let us down . <s>
9,When we got there it actually looked closed from the outside
9,"especially since the open sign was n't lit ,"
0,but we took a chance
0,and opened the door anyway to find
1,that it was indeed open . <s>
1,"It 's a tiny little place with a dia de los muertos theme ,"
1,so it was rich with color and culture . <s>
9,There was only one server
9,so it was a little slower
9,"than we 'd like ,"
1,"but in her defense , she was pregnant . <s>"
1,We each had to order the horchata with pecans and melon
1,because it sounded so good . <s>
0,The cup
0,it came in
1,was humungous
1,and thank goodness for that
1,because it was awesomely delicious ! <s>
1,We also pigged out on the chips and variety of salsas at the salsa bar . <s>
1,The salsas are seriously amazing
1,and there were a lot to choose from and taste . <s>
1,I especially loved the jicama salsa . <s>
1,I ordered 2 carne asada tacos with rice and beans . <s>
1,I was already so full from eating all those chips and horchata
0,and usually it 's hard for me
1,to enjoy the taste of something
1,"after i 'm super full ,"
1,but the tacos were so good i finished them . <s>
0,"I only tasted a little bit of the rice ,"
1,which was okay ...
9,"probably my least favorite thing i ate there ,"
1,but the beans were very good ! <s>
1,I was soooo full afterwards
1,and i left with a smile on my face and a new favorite restaurant
1,"that i 'll have to stop at whenever i 'm in phoenix ,"
9,"which is n't very often , sadly . <s>"
1,Yum yum yum . <s>
0,Husband and i first went there early on a first friday night
1,and were pleasantly surprised to be seated right away . <s>
0,We did n't want anything too heavy
0,since we were planning on doing some walking
0,so we split the spanish cheese plate
1,which was delightful . <s>
1,The fig cake is delicious !! <s>
1,Splitting the plate made the bill pretty affordable
1,and it was just enough
1,to fill us up
1,without overdoing it . <s>
1,The server was very helpful in suggesting a champagne for me and red wine for husband . <s>
0,Do n't remember what we had
1,but my champagne had a strawberry in it
1,and was perfectly bubbly . <s>
1,Ambiance and decor is nice and mellow . <s>
1,We 've since
1,been back with friends
1,and it has been enjoyable for both a date night
1,and chatting it up with people . <s>
1,Enjoy ! <s>
0,I have lived in the valley since 1999
0,and i have been to almost all of the pool halls in the valley
1,that are worth visiting . <s>
1,"I love this place ,"
1,"the staff are amazing ,"
1,the tables ( all 42 of them
1,) are in great shape . <s>
1,"Main street billiards has been a mainstay of the mesa , greater phoenix pool scene since its grand opening in 1992 . <s>"
1,"With 42 tables , it is the largest pool hall in the east valley . <s>"
1,Main street currently hosts a total of 3 weekly tournaments
1,"( check out our tournament schedule ! ) That appeal to different skill levels ,"
1,as well as several competitive pool leagues . <s>
1,"In addition to weekly tournaments , main street has hosted many exhibitions and playoffs for well9known professionals . <s>"
1,"Main street 's central location in mesa ( within easy freeway access of the u.s. 60 9 superstition freeway , 101 9 price freeway , and 202 9 red mountain freeway ) ,"
1,makes it an easy commute valley9wide . <s>
0,The main room has
1,fourteen barbox and sixteen 9 foot tables to accomodate league players and the general public . <s>
0,The tournament area is designed
1,to give players enough room and seating
1,so that they can concentrate on their game . <s>
1,"Main street offers the "" player 's corner "" for those"
1,who want to take their game to the next level . <s>
1,Three 9 gold crown tables are
1,offered in a semi9enclosed area
1,featuring triple shimmed pockets
1,and simonis 860 cloth . <s>
1,"If you 're up for a ring game or some competitive play ,"
1,this is the place to be ! <s>
1,"Main street billiards has been a road stop for several world class players ,"
0,and held
1,several exhibition matches . <s>
1,For almost two decades we have been the action spot in the east valley . <s>
1,A must9stop
1,over when you 're in the phoenix area . <s>
1,Best southern food i 've ever had ! <s>
1,Far better than roscoe 's hands down . <s>
1,Their fried chicken is nicely seasoned . <s>
1,Not too much batter so
1,"when you bite into it ,"
1,you 're getting the right amount of crunch
1,without the doughy taste . <s>
1,And it 's juicy too ! <s>
1,Even the breast . <s>
1,Their house made
1,hot sauce is perfect on everything . <s>
1,I also ordered the biscuits and gravy . <s>
1,Biscuits were soft and fluffy
1,and the gravy was legit too ! <s>
1,And the service
1,we got was really good . <s>
1,Def coming back
1,when i get another chance . <s>
0,I was born and raised in new orleans . <s>
0,I do not make this statement lightly :
1,this is the best cajun/louisiana restaurant
1,i 've ever been to outside of louisiana . <s>
0,Period . <s>
1,The best . <s>
1,Mrs. jennifer and her staff get it . <s>
1,They understand
1,"that food from louisiana is spicy flavorful , not just spicy spicy . <s>"
1,"You can not compare flavors to other "" cajun "" restaurants . <s>"
0,If you 've only been to papadeaux 's or baby kay 's you will find
0,that the food is different . <s>
1,That 's because flavors is authentic
1,and the others are not . <s>
0,You can only compare it to actually authentic cajun restaurants in south louisiana . <s>
1,"The restaurant has come such a long way with expansions in the dining room , kitchen and menu offerings . <s>"
1,This louisiana boy is so happy
1,that ms. jennifer chose to share her talents with the world . <s>
0,An eatery
1,that deserves more praise
0,than there is room or words for . <s>
1,The atmosphere was quiet even on a busy weekend evening . <s>
1,The wait staff was attentive and timely . <s>
1,The food was outstanding . <s>
0,"I personnally had the seafood spendour ,"
1,and it was definitely the best dining experience
0,i have had in quite a while . <s>
1,The freshly baked rolls were right from the oven
1,and put those from the corporate chain restruants to shame . <s>
1,Pricing was definitely reasonable . <s>
1,Will definitely be dining here again . <s>
1,"Just like it 's other location , this place is great . <s>"
0,And
0,because not everyone knows about it
0,"and they now serve lunch ,"
1,there 's not a wait . ( at least for me there was not ) . <s>
0,They even bring you out some warm olives
0,to snack on
0,as you wait for your food . <s>
0,"I went with the sonny boy ,"
1,"and boy , it was heaven ! <s>"
1,Perfectly thin crust with delicious toppings . <s>
1,My mouth is drooling
0,thinking about it . <s>
1,"Next time in the valley , i will be back to try some of their other offerings . <s>"
1,This might be my new favorite night spot . <s>
1,The music was n't too loud . <s>
1,"The drinks were on point ,"
1,and the staff was legendary . <s>
1,"I have been back many times ,"
1,and have enjoyed each time more than the time prior . <s>
0,I have eaten the food
1,( perhaps the best tuna in town ) . <s>
0,I have gone on a saturday night
0,"when it is packed , and on a sunday night"
0,when mad men and live music is playing . <s>
1,Each time seems to be better than the last . <s>
1,I am happy to add mabel 's to my local watering holes . <s>
0,Hopefully they do n't try to change . <s>
0,Old town does n't need another carbon copy bar . <s>
1,I am so addicted to india oven
1,that it 's embarassing . <s>
0,I 've been
1,"known to come here at least once a week ,"
0,and occasionally by myself
0,if i ca n't drag anyone in with me . <s>
0,"Eating alone at a buffet is not usually worth the shame ,"
1,unless it 's here . <s>
1,"The staff is incredibly attentive and kind ,"
1,and the owner is always fast to come over
1,and ask you about your experience . <s>
1,The inside is decorated beautifully
1,and the ambiance is low key yet classy . <s>
1,"The lunch/dinner buffets have both mango lassi and chai tea ,"
1,both of which i love . <s>
1,Their buffet is the cheapest
0,i have seen
1,"( $ 7.95 / lunch , $ 9.95 /"
1,dinner ) and also the best . <s>
1,"Their tikka masala and spinach paneer are definitely my favorites ,"
1,although they have a few rotating dishes
1,that are also amazing . <s>
1,"Lots of variety , always hot , and wonderful flavor . <s>"
0,"Closed on mondays ,"
1,"but otherwise , go give them a visit . <s>"
